,raw_tweet,hashtags,mentions,urls,emojis
0,#Secret #Vedanta  #NLP #mindfulness #subconscious #arunsinghkrantiquotes #arunsinghkranti #LawofAttraction #positivity #Wisdom https://t.co/dQrVgOWRzT,"['Secret', 'Vedanta', 'NLP', 'mindfulness', 'subconscious', 'arunsinghkrantiquotes', 'arunsinghkranti', 'LawofAttraction', 'positivity', 'Wisdom']",[],['https://t.co/dQrVgOWRzT'],[]
1,"Ù…Ø±ÙƒØ² Ù…Ø³Ø§Ø¬ Ø³Ø¨Ø§ Ø²ÙŠØ§Ø±Ø§Øª Ù…Ù†Ø²Ù„ÙŠØ© Ùˆ ÙÙ†Ø¯Ù‚ÙŠØ©
Ù…Ø®ØªØµÙŠÙ† ÙƒÙØ§Ø¡Ø© Ùˆ Ø®Ø¨Ø±Ø© Ø¹Ø§Ù„ÙŠØ© ğŸ’†ğŸ»â€â™‚ï¸
ÙˆØ³Ø§Ø¦Ù„ Ø¯ÙØ¹ Ù…ØªØ¹Ø¯Ø¯Ø© âœ… ~

ÙÙŠ Ø§Ù„Ø±ÙŠØ§Ø¶ Ø¬Ø¯Ø© Ù‡ÙÙ†Ø§ Ø§Ù„Ø§Ù† _  ğŸ“
ğŸŒŸØ±Ø§Ø­Ø© Ø§Ù„Ø¹Ù…ÙŠÙ„ Ù…Ø·Ù„Ø¨Ù†Ø§ğŸ™ğŸŒŸ
Ø§ÙØ¶Ù„ Ù…Ø³Ø§Ø¬ Ø¯Ø§Ø®Ù„ Ù…Ø¯ÙŠÙ†Ø© Ø¬Ø¯Ø© Ø§Ù„Ø±ÙŠØ§Ø¶ Ø£ÙØ¶Ù„ Ù…Ø®ØªØµÙŠÙ† ÙÙ„Ø¨ÙŠÙ†ÙŠÙŠÙ† .
Ù†Ø³Ø¹Ø¯ Ø¨Ø®Ø¯Ù…ØªÙƒÙ… 24 Ø³Ø§Ø¹Ø© , Ø±Ø§Ø¨Ø· Ø§Ù„ÙˆØ§ØªØ³Ø§Ø¨ ÙÙŠ Ø§Ù„Ø¨Ø§ÙŠÙˆ . ØªÙˆÙŠØªØ± Ø§ÙŠÙ„ÙˆÙ† Ù…Ø§Ø³Ùƒ

O*nlP",[],[],[],"['ğŸ’†', 'ğŸ»', 'â™‚', 'âœ…', 'ğŸ“', 'ğŸŒŸ', 'ğŸ™', 'ğŸŒŸ']"
2,ğŸ¥¹Choose the Best Words! #7yearsold #kids #richmindset #wealthmindset #wealth #richkid #cute #littlegirl #realestate #nlp #personaldevelopment #selfhelp #sucesspsychology #successmindset #mindset https://t.co/XuG8JUw1sP,"['7yearsold', 'kids', 'richmindset', 'wealthmindset', 'wealth', 'richkid', 'cute', 'littlegirl', 'realestate', 'nlp', 'personaldevelopment', 'selfhelp', 'sucesspsychology', 'successmindset', 'mindset']",[],['https://t.co/XuG8JUw1sP'],['\U0001f979']
3,RT @seokonikaislam: Data Prep with #SQL #MachineLearning #DataScience #Cybersecurity #BigData #Analytics #AI #IIoT #Python #RStats #TensorFâ€¦,"['SQL', 'MachineLearning', 'DataScience', 'Cybersecurity', 'BigData', 'Analytics', 'AI', 'IIoT', 'Python', 'RStats', 'TensorF']",['seokonikaislam'],[],[]
4,"RT @omarsar0: !!! Ok I just published my first set of notes on the ""Neural Networks for NLP"" course by CMU.

This should provide a good entâ€¦",[],['omarsar0'],[],[]
5,@nftnow @steveaoki Agreed. Smart contracts will evolve as NLP AI evolves.,[],"['nftnow', 'steveaoki']",[],[]
6,"""Give them bread and circuses and they will never revolt."" -Juvenal [1200Ã—566]
âš¡ï¸RT IF YOU AGREEğŸ”¥
#motivation #quotes #motivationalquotes #getmotivated #nlp #selfimprovement https://t.co/H2q7DvwpVM","['motivation', 'quotes', 'motivationalquotes', 'getmotivated', 'nlp', 'selfimprovement']",[],['https://t.co/H2q7DvwpVM'],"['âš¡', 'ğŸ”¥']"
7,RT @NLC_Kenya: There is need to review the National Land Policy (NLP) for better inclusion of women in access and ownership of land. NLC Diâ€¦,[],['NLC_Kenya'],[],[]
8,RT @Nostalgicbrain0: Just in mood #MachineLearning #DataScience #SQL #Cybersecurity #BigData #Analytics #AI #IIoT #Python #RStats #TensorFlâ€¦,"['MachineLearning', 'DataScience', 'SQL', 'Cybersecurity', 'BigData', 'Analytics', 'AI', 'IIoT', 'Python', 'RStats', 'TensorFl']",['Nostalgicbrain0'],[],[]
9,"RT @ValaAfshar: 10 technology trends that will shape the coming decade:

1 automation RPA
2 5G and IoT
3 cloud and edge compute
4 quantum câ€¦",[],['ValaAfshar'],[],[]
10,RT @Nostalgicbrain0: Just in mood #MachineLearning #DataScience #SQL #Cybersecurity #BigData #Analytics #AI #IIoT #Python #RStats #TensorFlâ€¦,"['MachineLearning', 'DataScience', 'SQL', 'Cybersecurity', 'BigData', 'Analytics', 'AI', 'IIoT', 'Python', 'RStats', 'TensorFl']",['Nostalgicbrain0'],[],[]
11,Early holiday presents for NLP developers! https://t.co/Ku63JAv5h4,[],[],['https://t.co/Ku63JAv5h4'],[]
12,"RT @corpus_news: Natural Language Processing with Python: Analyzing Text with the Natural Language Toolkit

https://t.co/8BNVOSAR1M

#softwâ€¦",['softw'],['corpus_news'],['https://t.co/8BNVOSAR1M'],[]
13,"Our results point to efficient alternatives to the usage of large LMs and labeling a large amount of training examples to build effective NLP applications. In particular, prompting + KD allows to keep both data and compute cost (of inference) low. 3/3",[],[],[],[]
14,"Natural Language Processing with Python: Analyzing Text with the Natural Language Toolkit

https://t.co/8BNVOSAR1M

#softwaredevelopment #python #softwaredesign #coding #nlp #programming #engineering #programminglanguages","['softwaredevelopment', 'python', 'softwaredesign', 'coding', 'nlp', 'programming', 'engineering', 'programminglanguages']",[],['https://t.co/8BNVOSAR1M'],[]
15,RT @atif10061990: Powerful data analytics tools  #BigData #Analytics #DataScience #AI #IoT #IIoT #Python #RStats #TensorFlow #NLP  #JavaScrâ€¦,"['BigData', 'Analytics', 'DataScience', 'AI', 'IoT', 'IIoT', 'Python', 'RStats', 'TensorFlow', 'NLP', 'JavaScr']",['atif10061990'],[],[]
16,RT @atif10061990: Powerful data analytics tools  #BigData #Analytics #DataScience #AI #IoT #IIoT #Python #RStats #TensorFlow #NLP  #JavaScrâ€¦,"['BigData', 'Analytics', 'DataScience', 'AI', 'IoT', 'IIoT', 'Python', 'RStats', 'TensorFlow', 'NLP', 'JavaScr']",['atif10061990'],[],[]
17,yo check @inong2012 @Tk_andys @NLP_Hippie @GiorgiaAlice2 @icadventure @marz75239843 @Piaar1400 @gocamogla @OrdonezKatrine @SreejithEK1001 @pcordina @AbiodunDgreat @NFTs_Nobody @unickaaa https://t.co/GAKCqTlujP,[],"['inong2012', 'Tk_andys', 'NLP_Hippie', 'GiorgiaAlice2', 'icadventure', 'marz75239843', 'Piaar1400', 'gocamogla', 'OrdonezKatrine', 'SreejithEK1001', 'pcordina', 'AbiodunDgreat', 'NFTs_Nobody', 'unickaaa']",['https://t.co/GAKCqTlujP'],[]
18,"ä¸–ã®ä¸­ã«å®Œç’§ãªæ²»ç™‚æ–¹æ³•ã¯ã‚ã‚Šã¾ã›ã‚“ã€‚ã‚‚ã—ã‚ã£ãŸã‚‰ã€ãã‚Œä»¥å¤–ã®æ²»ç™‚æ–¹æ³•ã¯ç„¡ã„ã¯ãšã§ã™ã€‚
ãƒ•ã‚§ãƒªãƒƒã‚¯ã‚¹ãƒ’ãƒ¼ãƒªãƒ³ã‚°ã‚ªãƒ•ã‚£ã‚¹
æ±æ­¦æ±ä¸Šç·šã¨ãã‚å°é§…å¾’æ­©2åˆ†
03-6905-8434
https://t.co/D9grTeSklH",[],[],['https://t.co/D9grTeSklH'],[]
19,"RT @nlpconference: Here is Dr Phil Parker's third taster video for the 2023 #NLPConference #Masterclass, where he speaks about the two elemâ€¦","['NLPConference', 'Masterclass']",['nlpconference'],[],[]
20,"RT @PMinervini: Here it is! https://t.co/3CnoP8jwgF An Efficient Memory-Augmented Transformer for Knowledge-Intensive NLP Tasks, #emnlp2022â€¦",['emnlp2022'],['PMinervini'],['https://t.co/3CnoP8jwgF'],[]
21,RT @rctatman: ML &amp; NLP coffee chat starts in just a few minutes! (Recording is always available immediately &amp; the podcast version usually gâ€¦,[],['rctatman'],[],[]
22,"RT @arhqadri: Alibaba Cloud Outlines Ambition To Become A Utility.
____
#Alibaba #CloudComputing #Tech #IoT #DigitalTransformation #AI #IIoâ€¦","['Alibaba', 'CloudComputing', 'Tech', 'IoT', 'DigitalTransformation', 'AI', 'IIo']",['arhqadri'],[],[]
23,"Ù…Ø±ÙƒØ² Ù…Ø³Ø§Ø¬ Ø³Ø¨Ø§ Ø²ÙŠØ§Ø±Ø§Øª Ù…Ù†Ø²Ù„ÙŠØ© Ùˆ ÙÙ†Ø¯Ù‚ÙŠØ©
Ù…Ø®ØªØµÙŠÙ† ÙƒÙØ§Ø¡Ø© Ùˆ Ø®Ø¨Ø±Ø© Ø¹Ø§Ù„ÙŠØ© ğŸ’†ğŸ»â€â™‚ï¸
ÙˆØ³Ø§Ø¦Ù„ Ø¯ÙØ¹ Ù…ØªØ¹Ø¯Ø¯Ø© âœ…

ÙÙŠ Ø§Ù„Ø±ÙŠØ§Ø¶ Ø¬Ø¯Ø© Ù‡ÙÙ†Ø§ Ø§Ù„Ø§Ù† -  ğŸ“
ğŸŒŸØ±Ø§Ø­Ø© Ø§Ù„Ø¹Ù…ÙŠÙ„ Ù…Ø·Ù„Ø¨Ù†Ø§ğŸ™ğŸŒŸ
Ø§ÙØ¶Ù„ Ù…Ø³Ø§Ø¬ Ø¯Ø§Ø®Ù„ Ù…Ø¯ÙŠÙ†Ø© Ø¬Ø¯Ø© Ø§Ù„Ø±ÙŠØ§Ø¶ Ø£ÙØ¶Ù„ Ù…Ø®ØªØµÙŠÙ† ÙÙ„Ø¨ÙŠÙ†ÙŠÙŠÙ†
Ù†Ø³Ø¹Ø¯ Ø¨Ø®Ø¯Ù…ØªÙƒÙ… 24 Ø³Ø§Ø¹Ø© , Ø±Ø§Ø¨Ø· Ø§Ù„ÙˆØ§ØªØ³Ø§Ø¨ ÙÙŠ Ø§Ù„Ø¨Ø§ÙŠÙˆ . Ù„Ù„Ø¨ÙŠØª Ø§Ø±Ø®Øµ Ù„Ù„Ù…Ù†Ø²Ù„ ,

O*nlP",[],[],[],"['ğŸ’†', 'ğŸ»', 'â™‚', 'âœ…', 'ğŸ“', 'ğŸŒŸ', 'ğŸ™', 'ğŸŒŸ']"
24,"Ù…Ø±ÙƒØ² Ù…Ø³Ø§Ø¬ Ø³Ø¨Ø§ Ø²ÙŠØ§Ø±Ø§Øª Ù…Ù†Ø²Ù„ÙŠØ© Ùˆ ÙÙ†Ø¯Ù‚ÙŠØ©
Ù…Ø®ØªØµÙŠÙ† ÙƒÙØ§Ø¡Ø© Ùˆ Ø®Ø¨Ø±Ø© Ø¹Ø§Ù„ÙŠØ© ğŸ’†ğŸ»â€â™‚ï¸
ÙˆØ³Ø§Ø¦Ù„ Ø¯ÙØ¹ Ù…ØªØ¹Ø¯Ø¯Ø© âœ…

ÙÙŠ Ø§Ù„Ø±ÙŠØ§Ø¶ Ø¬Ø¯Ø© Ù‡ÙÙ†Ø§ Ø§Ù„Ø§Ù† -  ğŸ“
ğŸŒŸØ±Ø§Ø­Ø© Ø§Ù„Ø¹Ù…ÙŠÙ„ Ù…Ø·Ù„Ø¨Ù†Ø§ğŸ™ğŸŒŸ
Ø§ÙØ¶Ù„ Ù…Ø³Ø§Ø¬ Ø¯Ø§Ø®Ù„ Ù…Ø¯ÙŠÙ†Ø© Ø¬Ø¯Ø© Ø§Ù„Ø±ÙŠØ§Ø¶ Ø£ÙØ¶Ù„ Ù…Ø®ØªØµÙŠÙ† ÙÙ„Ø¨ÙŠÙ†ÙŠÙŠÙ†
Ù†Ø³Ø¹Ø¯ Ø¨Ø®Ø¯Ù…ØªÙƒÙ… 24 Ø³Ø§Ø¹Ø© , Ø±Ø§Ø¨Ø· Ø§Ù„ÙˆØ§ØªØ³Ø§Ø¨ ÙÙŠ Ø§Ù„Ø¨Ø§ÙŠÙˆ . Ù„Ù„Ø¨ÙŠØª Ø§Ø±Ø®Øµ Ù„Ù„Ù…Ù†Ø²Ù„ ,

O*nlP",[],[],[],"['ğŸ’†', 'ğŸ»', 'â™‚', 'âœ…', 'ğŸ“', 'ğŸŒŸ', 'ğŸ™', 'ğŸŒŸ']"
25,"Ù…Ø±ÙƒØ² Ù…Ø³Ø§Ø¬ Ø³Ø¨Ø§ Ø²ÙŠØ§Ø±Ø§Øª Ù…Ù†Ø²Ù„ÙŠØ© Ùˆ ÙÙ†Ø¯Ù‚ÙŠØ©
Ù…Ø®ØªØµÙŠÙ† ÙƒÙØ§Ø¡Ø© Ùˆ Ø®Ø¨Ø±Ø© Ø¹Ø§Ù„ÙŠØ© ğŸ’†ğŸ»â€â™‚ï¸
ÙˆØ³Ø§Ø¦Ù„ Ø¯ÙØ¹ Ù…ØªØ¹Ø¯Ø¯Ø© âœ…

ÙÙŠ Ø§Ù„Ø±ÙŠØ§Ø¶ Ø¬Ø¯Ø© Ù‡ÙÙ†Ø§ Ø§Ù„Ø§Ù† -  ğŸ“
ğŸŒŸØ±Ø§Ø­Ø© Ø§Ù„Ø¹Ù…ÙŠÙ„ Ù…Ø·Ù„Ø¨Ù†Ø§ğŸ™ğŸŒŸ
Ø§ÙØ¶Ù„ Ù…Ø³Ø§Ø¬ Ø¯Ø§Ø®Ù„ Ù…Ø¯ÙŠÙ†Ø© Ø¬Ø¯Ø© Ø§Ù„Ø±ÙŠØ§Ø¶ Ø£ÙØ¶Ù„ Ù…Ø®ØªØµÙŠÙ† ÙÙ„Ø¨ÙŠÙ†ÙŠÙŠÙ†
Ù†Ø³Ø¹Ø¯ Ø¨Ø®Ø¯Ù…ØªÙƒÙ… 24 Ø³Ø§Ø¹Ø© , Ø±Ø§Ø¨Ø· Ø§Ù„ÙˆØ§ØªØ³Ø§Ø¨ ÙÙŠ Ø§Ù„Ø¨Ø§ÙŠÙˆ . Ù„Ù„Ø¨ÙŠØª Ø§Ø±Ø®Øµ Ù„Ù„Ù…Ù†Ø²Ù„ ,

O*nlP",[],[],[],"['ğŸ’†', 'ğŸ»', 'â™‚', 'âœ…', 'ğŸ“', 'ğŸŒŸ', 'ğŸ™', 'ğŸŒŸ']"
26,"RT @PurdueCS: â€œWho is saying what about whom?""

At the scenario discourse level, Professor Dan Goldwasser is viewing social media analysisâ€¦",[],['PurdueCS'],[],[]
27,"RT @pradip_nichite: NLP Roadmap 2022 with free resources.
This is what you need to build real-world NLP Projects and a Good Foundation. A Tâ€¦",[],['pradip_nichite'],[],[]
28,"RT @WomenInVoice: GOOD NEWS! ğŸ¤©
Deadline to apply to speak at @WomenInVoice 2023 Summit now extended to December 5.

Passionate about ğŸ‘€ #Voiâ€¦",['Voi'],"['WomenInVoice', 'WomenInVoice']",[],"['ğŸ¤©', 'ğŸ‘€']"
29,RT @xpresso_ai: Transformer-based NLP opens up possibilities for limitless and exhaustive training of textual analysis models. Learn more aâ€¦,[],['xpresso_ai'],[],[]
30,"ğŸ•#AI #Transformers
å»å¹´ç››ã‚Šä¸ŠãŒã£ãŸå¤šè¨€èªAIãƒˆãƒ©ãƒ³ã‚¹ãƒ•ã‚©ãƒ¼ãƒãƒ¼ğŸ¤—ã®ã‚»ãƒ³ãƒãƒ¡ãƒ³ãƒˆåˆ†æã®ç°¡å˜ãªå®Ÿè£…ã‚’ç´¹ä»‹ã™ã‚‹ãƒšãƒ¼ã‚¸ã«æ²¿ã£ã¦Golabã§ä¸€äººãƒãƒ³ã‚ºã‚ªãƒ³ä¸­ã€‚
NLPã®ã‚„ã‚„ã“ã—ã„ã‚¹ãƒ†ãƒƒãƒ—ã‚’ç«¯æŠ˜ã£ã¦ã€ã‚¨ã‚¢ãƒ¼ãƒ“ãƒ¼ã‚¢ãƒ³ãƒ‰ãƒ“ãƒ¼âœˆï¸ãªã©å®¿æ³Šå…ˆã®ã‚°ãƒ­ãƒ¼ãƒãƒ«ãªå£ã‚³ãƒŸã‚’ä¸€ç™ºã§æ•°å€¤åŒ–ã§ããã†ğŸ˜­
https://t.co/8jtmsk9bHX","['AI', 'Transformers']",[],['https://t.co/8jtmsk9bHX'],"['ğŸ•', 'ğŸ¤—', 'âœˆ', 'ğŸ˜­']"
31,RT @seokonikaislam: #Python Network Programming Cheat Sheet #MachineLearning #DataScience #SQL #Cybersecurity #BigData #Analytics #AI #IIoTâ€¦,"['Python', 'MachineLearning', 'DataScience', 'SQL', 'Cybersecurity', 'BigData', 'Analytics', 'AI', 'IIoT']",['seokonikaislam'],[],[]
32,"RT @YuHelenYu: Data Sciences with special topics
#AI #DataSecurity #dataScientist #DataAnalytics #Python #RStats #Reactjs #IIoT #flutter #jâ€¦","['AI', 'DataSecurity', 'dataScientist', 'DataAnalytics', 'Python', 'RStats', 'Reactjs', 'IIoT', 'flutter', 'j']",['YuHelenYu'],[],[]
33,"RT @YuHelenYu: #sundayvibes Python Libraries &amp; Frameworks

#DataScience #Cybersecurity #BigData #Analytics #AI #IIoT #Python #RStats #Tensoâ€¦","['sundayvibes', 'DataScience', 'Cybersecurity', 'BigData', 'Analytics', 'AI', 'IIoT', 'Python', 'RStats', 'Tenso']",['YuHelenYu'],[],[]
34,"RT @omarsar0: !!! Ok I just published my first set of notes on the ""Neural Networks for NLP"" course by CMU.

This should provide a good entâ€¦",[],['omarsar0'],[],[]
35,"RT @CharismaticTM: The universe responds to who you truly are, not what you portray yourself as. I live my truth. I have finally settled myâ€¦",[],['CharismaticTM'],[],[]
36,"RT @sophiamyang: Computer Vision, NLP, and gaming in the browser?! With the magic of @Panel_org @pyodide @pyscript_dev, everything can happâ€¦",[],"['sophiamyang', 'Panel_org', 'pyodide', 'pyscript_dev']",[],[]
37,Juicy answer to a Quora question today.  https://t.co/lEhfD4FF60,[],[],['https://t.co/lEhfD4FF60'],[]
38,"RT @YuHelenYu: Data Sciences with special topics
#AI #DataSecurity #dataScientist #DataAnalytics #Python #RStats #Reactjs #IIoT #flutter #jâ€¦","['AI', 'DataSecurity', 'dataScientist', 'DataAnalytics', 'Python', 'RStats', 'Reactjs', 'IIoT', 'flutter', 'j']",['YuHelenYu'],[],[]
39,"RT @YuHelenYu: Data Sciences with special topics
#AI #DataSecurity #dataScientist #DataAnalytics #Python #RStats #Reactjs #IIoT #flutter #jâ€¦","['AI', 'DataSecurity', 'dataScientist', 'DataAnalytics', 'Python', 'RStats', 'Reactjs', 'IIoT', 'flutter', 'j']",['YuHelenYu'],[],[]
40,"RT @YuHelenYu: Data Sciences with special topics
#AI #DataSecurity #dataScientist #DataAnalytics #Python #RStats #Reactjs #IIoT #flutter #jâ€¦","['AI', 'DataSecurity', 'dataScientist', 'DataAnalytics', 'Python', 'RStats', 'Reactjs', 'IIoT', 'flutter', 'j']",['YuHelenYu'],[],[]
41,"RT @YuHelenYu: #sundayvibes Python Libraries &amp; Frameworks

#DataScience #Cybersecurity #BigData #Analytics #AI #IIoT #Python #RStats #Tensoâ€¦","['sundayvibes', 'DataScience', 'Cybersecurity', 'BigData', 'Analytics', 'AI', 'IIoT', 'Python', 'RStats', 'Tenso']",['YuHelenYu'],[],[]
42,RT @brunoborges: Started writing an @ApacheCamel component for @Azure Cognitive Services. First one will be for Text Analytics and I alreadâ€¦,[],"['brunoborges', 'ApacheCamel', 'Azure']",[],[]
43,RT @HeadgearLabs: 5 reasons why supervision is so important for CBT therapists #nlp #mattbarnett #hypnosis #cbt #ucc #udemy #coaching #joblâ€¦,"['nlp', 'mattbarnett', 'hypnosis', 'cbt', 'ucc', 'udemy', 'coaching', 'jobl']",['HeadgearLabs'],[],[]
44,"RT @CharismaticTM: The universe responds to who you truly are, not what you portray yourself as. I live my truth. I have finally settled myâ€¦",[],['CharismaticTM'],[],[]
45,"RT @ipfconline1: MLOps Using #Python

https://t.co/QY81V1ptPu v/ @theclickreader

#NLP #AI #MachineLearning #100DaysOfCode
Cc @SpirosMargarâ€¦","['Python', 'NLP', 'AI', 'MachineLearning', '100DaysOfCode']","['ipfconline1', 'theclickreader', 'SpirosMargar']",['https://t.co/QY81V1ptPu'],[]
46,"RT @ipfconline1: MLOps Using #Python

https://t.co/QY81V1ptPu v/ @theclickreader

#NLP #AI #MachineLearning #100DaysOfCode
Cc @SpirosMargarâ€¦","['Python', 'NLP', 'AI', 'MachineLearning', '100DaysOfCode']","['ipfconline1', 'theclickreader', 'SpirosMargar']",['https://t.co/QY81V1ptPu'],[]
47,Congratulations @Verint for winning the #TextAnalytics and #NLP category in the 2022 #KMWorld Readers' Choice Awards! https://t.co/LkMqjA3Fkj https://t.co/Y2y49u78aM,"['TextAnalytics', 'NLP', 'KMWorld']",['Verint'],"['https://t.co/LkMqjA3Fkj', 'https://t.co/Y2y49u78aM']",[]
48,"Transformer-based NLP opens up possibilities for limitless and exhaustive training of textual analysis models. Learn more about transformer-based NLP here.

https://t.co/REOKLSQgcX

#xpressoai #Datascientists #MLOPs #MachineLearning #ArtificialIntelligence #MLOpsPlatform https://t.co/PpL5gpcfrU","['xpressoai', 'Datascientists', 'MLOPs', 'MachineLearning', 'ArtificialIntelligence', 'MLOpsPlatform']",[],"['https://t.co/REOKLSQgcX', 'https://t.co/PpL5gpcfrU']",[]
49,Congratulations @Verint for winning the #TextAnalytics and #NLP category in the 2022 #KMWorld Readers' Choice Awards! https://t.co/ic5swAh4UE https://t.co/eT9A7HuQHj,"['TextAnalytics', 'NLP', 'KMWorld']",['Verint'],"['https://t.co/ic5swAh4UE', 'https://t.co/eT9A7HuQHj']",[]
50,"ğŸ’¡ NLP : Notre Data Scientist chez DEAPDATA, nous parle du Natural Language Processing.
Une mÃ©thode qui fait partie intÃ©grante de nos mÃ©tiers et facilite le quotidien !
Plus dâ€™infosğŸ‘‰https://t.co/YvcBmHRXtH

#bigdata #IA #data #NLP https://t.co/4CPan8SBac","['bigdata', 'IA', 'data', 'NLP']",[],"['https://t.co/YvcBmHRXtH', 'https://t.co/4CPan8SBac']","['ğŸ’¡', 'ğŸ‘‰']"
51,"RT @Paula_Piccard: AI Helped Design a Clear Window Coating That Can Cool Buildings Without Using Energy

ğŸ‘‰ https://t.co/me6laem9xw

#Machinâ€¦",['Machin'],['Paula_Piccard'],['https://t.co/me6laem9xw'],['ğŸ‘‰']
52,"GOOD NEWS! ğŸ¤©
Deadline to apply to speak at @WomenInVoice 2023 Summit now extended to December 5.

Passionate about ğŸ‘€ #Voice? Robotics? #AI? CxD? #NLP? Career advancement? VUI/VUX?

ğŸŒŸ Apply! ğŸŒŸ
+ Share with another woman you'd love to see onstage ğŸ‘‡ğŸ½
https://t.co/ndQW4gI6LE https://t.co/ULrm6Mnsdu","['Voice', 'AI', 'NLP']",['WomenInVoice'],"['https://t.co/ndQW4gI6LE', 'https://t.co/ULrm6Mnsdu']","['ğŸ¤©', 'ğŸ‘€', 'ğŸŒŸ', 'ğŸŒŸ', 'ğŸ‘‡', 'ğŸ½']"
53,"Poly-glotting your Business with Semantic Understanding. 

This @MartechVibe article briefly spotlights @Cortical_io's breakthrough technology based #SemanticPro . 

https://t.co/76EeTerFzo  

#IDP #insurtech #AI #NLU #TextAnalytics #NLP #IntelligentAutomation https://t.co/41FmJTjAsB","['SemanticPro', 'IDP', 'insurtech', 'AI', 'NLU', 'TextAnalytics', 'NLP', 'IntelligentAutomation']","['MartechVibe', 'Cortical_io']","['https://t.co/76EeTerFzo', 'https://t.co/41FmJTjAsB']",[]
54,"RT @AdamM55563945: 3 step blueprint click here
https://t.co/PbMXA0kJY3
#Data #Bigdata #Skills #Business #Analytics #Python #javascript #Proâ€¦","['Data', 'Bigdata', 'Skills', 'Business', 'Analytics', 'Python', 'javascript', 'Pro']",['AdamM55563945'],['https://t.co/PbMXA0kJY3'],[]
55,"RT @bururiah_essays: HMU for quality assignment help
Essay pay
Exams
Homework
Biology.
Chemistry
Math
Full classes
Ecology
Anatomy.
#Machinâ€¦",['Machin'],['bururiah_essays'],[],[]
56,"RT @AdamM55563945: 3 step blueprint click here
https://t.co/PbMXA0kJY3
#Data #Bigdata #Skills #Business #Analytics #Python #javascript #Proâ€¦","['Data', 'Bigdata', 'Skills', 'Business', 'Analytics', 'Python', 'javascript', 'Pro']",['AdamM55563945'],['https://t.co/PbMXA0kJY3'],[]
57,"HMU for quality assignment help
Essay pay
Exams
Homework
Biology.
Chemistry
Math
Full classes
Ecology
Anatomy.
#MachineLearning  #DataScience #5G #100DaysOfCode
#Python #Cybersecurity #BigData #AI #IoT #DeepLearning
#ArtificialIntelligence #NLP #robots  #javascript
#Serverless https://t.co/ydhS2JPGMH","['MachineLearning', 'DataScience', '5G', '100DaysOfCode', 'Python', 'Cybersecurity', 'BigData', 'AI', 'IoT', 'DeepLearning', 'ArtificialIntelligence', 'NLP', 'robots', 'javascript', 'Serverless']",[],['https://t.co/ydhS2JPGMH'],[]
58,How reliable are NLP benchmarks? https://t.co/icGRWBh0H6,[],[],['https://t.co/icGRWBh0H6'],[]
59,RT @Nostalgicbrain0: Difference between #Git and #GitHub #MachineLearning #DataScience #SQL #Cybersecurity #BigData #Analytics #AI #IIoT #Pâ€¦,"['Git', 'GitHub', 'MachineLearning', 'DataScience', 'SQL', 'Cybersecurity', 'BigData', 'Analytics', 'AI', 'IIoT', 'P']",['Nostalgicbrain0'],[],[]
60,"Automatically generating structure and requirements system diagrams (#SysML) from technical reports: 

https://t.co/W4kqMJhjM9

Highlights:
- end-to-end automated approach leveraging on open-access tools and #NLP
- open-domain

#systemengineering #texttodiagram #dvugroup","['SysML', 'NLP', 'systemengineering', 'texttodiagram', 'dvugroup']",[],['https://t.co/W4kqMJhjM9'],[]
61,"RT @Paula_Piccard: AI Image Generators Routinely Display Gender and Cultural Bias

ğŸ‘‰ https://t.co/lMCxYef1po

#MachineLearning #AI #Pythonâ€¦","['MachineLearning', 'AI', 'Python']",['Paula_Piccard'],['https://t.co/lMCxYef1po'],['ğŸ‘‰']
62,"RT @Paula_Piccard: AlphaFoldâ€™s new rival? Meta AI predicts shape of 600 million proteins

ğŸ‘‰ https://t.co/71UrM9OQps

#MachineLearning #AI #â€¦","['MachineLearning', 'AI']",['Paula_Piccard'],['https://t.co/71UrM9OQps'],['ğŸ‘‰']
63,"RT @YuHelenYu: #sundayvibes Python Libraries &amp; Frameworks

#DataScience #Cybersecurity #BigData #Analytics #AI #IIoT #Python #RStats #Tensoâ€¦","['sundayvibes', 'DataScience', 'Cybersecurity', 'BigData', 'Analytics', 'AI', 'IIoT', 'Python', 'RStats', 'Tenso']",['YuHelenYu'],[],[]
64,"RT @YuHelenYu: #sundayvibes Python Libraries &amp; Frameworks

#DataScience #Cybersecurity #BigData #Analytics #AI #IIoT #Python #RStats #Tensoâ€¦","['sundayvibes', 'DataScience', 'Cybersecurity', 'BigData', 'Analytics', 'AI', 'IIoT', 'Python', 'RStats', 'Tenso']",['YuHelenYu'],[],[]
65,"RT @YuHelenYu: #sundayvibes Python Libraries &amp; Frameworks

#DataScience #Cybersecurity #BigData #Analytics #AI #IIoT #Python #RStats #Tensoâ€¦","['sundayvibes', 'DataScience', 'Cybersecurity', 'BigData', 'Analytics', 'AI', 'IIoT', 'Python', 'RStats', 'Tenso']",['YuHelenYu'],[],[]
66,"Mission Satyanewshi: Let the online world be more faithful! (IEEE Tech Talks 2.0) https://t.co/0YHuLlrql0 

#IEEE #NLP #TechTalks
@ieeesoftware @ieeecloud @IEEER10","['IEEE', 'NLP', 'TechTalks']","['ieeesoftware', 'ieeecloud', 'IEEER10']",['https://t.co/0YHuLlrql0'],[]
67,"I analyzed the sentiment on the last 220 tweets from my home feed using a pretrained #TextBlob model. A majority (55.9%) were classified as negative.
#Python #NLP #Classification #Sentiment #GrantBot https://t.co/BAdR8MWcSk","['TextBlob', 'Python', 'NLP', 'Classification', 'Sentiment', 'GrantBot']",[],['https://t.co/BAdR8MWcSk'],[]
68,"I analyzed the sentiment on the last 220 tweets from my home feed using a trained #DistilBert model from #huggingface. A majority (58.2%) were classified as positive.
#Python #NLP #PyTorch #Sentiment #GrantBot https://t.co/DNiFpHWwLV","['DistilBert', 'huggingface', 'Python', 'NLP', 'PyTorch', 'Sentiment', 'GrantBot']",[],['https://t.co/DNiFpHWwLV'],[]
69,"I analyzed the sentiment on the last 220 tweets from my home feed using a pretrained #Flair model from #ZalandoSE. A majority (55.9%) were classified as positive.
#Python #NLP #PyTorch #Sentiment #GrantBot https://t.co/vJWq0t6TmF","['Flair', 'ZalandoSE', 'Python', 'NLP', 'PyTorch', 'Sentiment', 'GrantBot']",[],['https://t.co/vJWq0t6TmF'],[]
70,"I analyzed the sentiment on the last 220 tweets from my home feed using a #NaiveBayes model from #NLTK. A majority (62.7%) were classified as positive.
#Python #NLP #Classification #Sentiment #GrantBot https://t.co/kY1u5uCagv","['NaiveBayes', 'NLTK', 'Python', 'NLP', 'Classification', 'Sentiment', 'GrantBot']",[],['https://t.co/kY1u5uCagv'],[]
71,"I analyzed the sentiment on the last 220 tweets from my home feed using a pretrained #VADER model from #NLTK. A majority (61.8%) were classified as negative.
#Python #NLP #Classification #Sentiment #GrantBot https://t.co/xldo2Sa2uV","['VADER', 'NLTK', 'Python', 'NLP', 'Classification', 'Sentiment', 'GrantBot']",[],['https://t.co/xldo2Sa2uV'],[]
72,"I analyzed the sentiment on the last 92 tweets from my home feed using a trained #roBERTa model from #huggingface. A majority (64.1%) were classified as positive.
#Python #NLP #PyTorch #Sentiment #GrantBot https://t.co/vWXedsEnO4","['roBERTa', 'huggingface', 'Python', 'NLP', 'PyTorch', 'Sentiment', 'GrantBot']",[],['https://t.co/vWXedsEnO4'],[]
73,RT @Nostalgicbrain0: Just in mood #MachineLearning #DataScience #SQL #Cybersecurity #BigData #Analytics #AI #IIoT #Python #RStats #TensorFlâ€¦,"['MachineLearning', 'DataScience', 'SQL', 'Cybersecurity', 'BigData', 'Analytics', 'AI', 'IIoT', 'Python', 'RStats', 'TensorFl']",['Nostalgicbrain0'],[],[]
74,"I analyzed the sentiment on the last 220 tweets from my home feed using a pretrained #BERT model from #huggingface. A majority (68.2%) were classified as negative.
#Python #NLP #Classification #Sentiment #GrantBot https://t.co/QqMpgNbRmg","['BERT', 'huggingface', 'Python', 'NLP', 'Classification', 'Sentiment', 'GrantBot']",[],['https://t.co/QqMpgNbRmg'],[]
75,RT @Nostalgicbrain0: Just in mood #MachineLearning #DataScience #SQL #Cybersecurity #BigData #Analytics #AI #IIoT #Python #RStats #TensorFlâ€¦,"['MachineLearning', 'DataScience', 'SQL', 'Cybersecurity', 'BigData', 'Analytics', 'AI', 'IIoT', 'Python', 'RStats', 'TensorFl']",['Nostalgicbrain0'],[],[]
76,"RT @ONPASSIVE: The goal of NLP is to create machines that can comprehend and comprehend human language in general.

Know more: https://t.coâ€¦",[],['ONPASSIVE'],['https://t.co'],[]
77,Just in mood #MachineLearning #DataScience #SQL #Cybersecurity #BigData #Analytics #AI #IIoT #Python #RStats #TensorFlow #JavaScript #ReactJS #CloudComputing #Serverless #DataScientist #Linux #Programming #Coding #100DaysofCode #NodeJS #NLP #GitHub #IoT #blockchain #DL https://t.co/IIlhRVgT7v,"['MachineLearning', 'DataScience', 'SQL', 'Cybersecurity', 'BigData', 'Analytics', 'AI', 'IIoT', 'Python', 'RStats', 'TensorFlow', 'JavaScript', 'ReactJS', 'CloudComputing', 'Serverless', 'DataScientist', 'Linux', 'Programming', 'Coding', '100DaysofCode', 'NodeJS', 'NLP', 'GitHub', 'IoT', 'blockchain', 'DL']",[],['https://t.co/IIlhRVgT7v'],[]
78,"How negative was my Twitter feed in the last few hours? In the replies are a few models that analyze the sentiment of my home timeline feed on Twitter for the last 24 hours using the Twitter API.
GitHub: https://t.co/eghwHA7jiP
#NLP #Python https://t.co/oGYSTTAY6T","['NLP', 'Python']",[],"['https://t.co/eghwHA7jiP', 'https://t.co/oGYSTTAY6T']",[]
79,"RT @Paula_Piccard: Scientists Increasingly Canâ€™t Explain How AI Works

ğŸ‘‰ https://t.co/igFINJst9O

#MachineLearning #AI #Python #DataScienceâ€¦","['MachineLearning', 'AI', 'Python', 'DataScience']",['Paula_Piccard'],['https://t.co/igFINJst9O'],['ğŸ‘‰']
80,"RT @AdamM55563945: 3 step blueprint click here
https://t.co/PbMXA0kJY3
#Data #Bigdata #Skills #Business #Analytics #Python #javascript #Proâ€¦","['Data', 'Bigdata', 'Skills', 'Business', 'Analytics', 'Python', 'javascript', 'Pro']",['AdamM55563945'],['https://t.co/PbMXA0kJY3'],[]
81,"RT @sophiamyang: Computer Vision, NLP, and gaming in the browser?! With the magic of @Panel_org @pyodide @pyscript_dev, everything can happâ€¦",[],"['sophiamyang', 'Panel_org', 'pyodide', 'pyscript_dev']",[],[]
82,"RT @Paula_Piccard: Google wants AI in one thousand languages

ğŸ‘‰ https://t.co/7ee6XfkTYY

#MachineLearning #AI #Python #DataScience #BigDataâ€¦","['MachineLearning', 'AI', 'Python', 'DataScience', 'BigData']",['Paula_Piccard'],['https://t.co/7ee6XfkTYY'],['ğŸ‘‰']
83,"Scientists Increasingly Canâ€™t Explain How AI Works

ğŸ‘‰ https://t.co/igFINJst9O

#MachineLearning #AI #Python #DataScience #BigData
#Algorithms #IoT #100DaysOfMLCode #5G #Robot #4IR
#ArtificialIntelligence #NLP #cloud #Industry40 #cybersecurity https://t.co/e9ZtfdBZNG","['MachineLearning', 'AI', 'Python', 'DataScience', 'BigData', 'Algorithms', 'IoT', '100DaysOfMLCode', '5G', 'Robot', '4IR', 'ArtificialIntelligence', 'NLP', 'cloud', 'Industry40', 'cybersecurity']",[],"['https://t.co/igFINJst9O', 'https://t.co/e9ZtfdBZNG']",['ğŸ‘‰']
84,"RT @Paula_Piccard: AI Helped Design a Clear Window Coating That Can Cool Buildings Without Using Energy

ğŸ‘‰ https://t.co/me6laem9xw

#Machinâ€¦",['Machin'],['Paula_Piccard'],['https://t.co/me6laem9xw'],['ğŸ‘‰']
85,"RT @omarsar0: !!! Ok I just published my first set of notes on the ""Neural Networks for NLP"" course by CMU.

This should provide a good entâ€¦",[],['omarsar0'],[],[]
86,"@colinraffel @NeurIPSConf @kchonyc I don't know if we disagree about much, but I have strong informed opinions about transfer learning and NLP, and I'm happy to play up some differences for a friendly and interesting debate with such a worthy opponent :)",[],"['colinraffel', 'NeurIPSConf', 'kchonyc']",[],[]
87,"RT @AdamM55563945: 3 step blueprint click here
https://t.co/PbMXA0kJY3
#Data #Bigdata #Skills #Business #Analytics #Python #javascript #Proâ€¦","['Data', 'Bigdata', 'Skills', 'Business', 'Analytics', 'Python', 'javascript', 'Pro']",['AdamM55563945'],['https://t.co/PbMXA0kJY3'],[]
88,"RT @Paula_Piccard: AI Image Generators Routinely Display Gender and Cultural Bias

ğŸ‘‰ https://t.co/lMCxYef1po

#MachineLearning #AI #Pythonâ€¦","['MachineLearning', 'AI', 'Python']",['Paula_Piccard'],['https://t.co/lMCxYef1po'],['ğŸ‘‰']
89,"RT @Paula_Piccard: AlphaFoldâ€™s new rival? Meta AI predicts shape of 600 million proteins

ğŸ‘‰ https://t.co/71UrM9OQps

#MachineLearning #AI #â€¦","['MachineLearning', 'AI']",['Paula_Piccard'],['https://t.co/71UrM9OQps'],['ğŸ‘‰']
90,"RT @AdamM55563945: 3 step blueprint click here
https://t.co/PbMXA0kJY3
#Data #Bigdata #Skills #Business #Analytics #Python #javascript #Proâ€¦","['Data', 'Bigdata', 'Skills', 'Business', 'Analytics', 'Python', 'javascript', 'Pro']",['AdamM55563945'],['https://t.co/PbMXA0kJY3'],[]
91,"3 step blueprint click here
https://t.co/PbMXA0kJY3
#Data #Bigdata #Skills #Business #Analytics #Python #javascript #Programming #AI #VR #MachineLearning #innovation #coding #100DaysOfCode #flutter #Fintech #IoT #TensorFlow #twitme #womenintech #CyberSecurity #Cloud #NLP #Rstats https://t.co/QcbBM5vqCs","['Data', 'Bigdata', 'Skills', 'Business', 'Analytics', 'Python', 'javascript', 'Programming', 'AI', 'VR', 'MachineLearning', 'innovation', 'coding', '100DaysOfCode', 'flutter', 'Fintech', 'IoT', 'TensorFlow', 'twitme', 'womenintech', 'CyberSecurity', 'Cloud', 'NLP', 'Rstats']",[],"['https://t.co/PbMXA0kJY3', 'https://t.co/QcbBM5vqCs']",[]
92,RT @LeoCynosure: #McKinsey #Technology Trends Outlook 20 https://t.co/DErNilSCgv #innovation #IoT #Robotics #deeplearning #DL #100DaysOfCodâ€¦,"['McKinsey', 'Technology', 'innovation', 'IoT', 'Robotics', 'deeplearning', 'DL', '100DaysOfCod']",['LeoCynosure'],['https://t.co/DErNilSCgv'],[]
93,RT @Sheraj99: Chart of neural network #MachineLearning #DataScience #SQL #Cybersecurity #BigData #Analytics #AI #IIoT #Python #RStats #Tensâ€¦,"['MachineLearning', 'DataScience', 'SQL', 'Cybersecurity', 'BigData', 'Analytics', 'AI', 'IIoT', 'Python', 'RStats', 'Tens']",['Sheraj99'],[],[]
94,"RT @sophiamyang: Computer Vision, NLP, and gaming in the browser?! With the magic of @Panel_org @pyodide @pyscript_dev, everything can happen in your browser!ğŸ¤©

Check out this blog post @MarcSkovMadsen and I wrote: 
https://t.co/FTqAcny8zn",[],"['sophiamyang', 'Panel_org', 'pyodide', 'pyscript_dev', 'MarcSkovMadsen']",['https://t.co/FTqAcny8zn'],['ğŸ¤©']
95,@ali_nlp @sss14021 @Celebrty_0 ÙˆØ±Ø¨ Ø§Ù„ÙƒØ¹Ø¨Ø© Ø§Ù†Ø§ Ù…ÙˆØ¬ÙˆØ¯,[],"['ali_nlp', 'sss14021', 'Celebrty_0']",[],[]
96,"RT @Latifah48779111: #programming #Econometrics #WomenWhoCode 
#javascript
#CSS
#Java #DeepLearning 
#Coding #python 
#100DaysOfCode 
#DEVCâ€¦","['programming', 'Econometrics', 'WomenWhoCode', 'javascript', 'CSS', 'Java', 'DeepLearning', 'Coding', 'python', '100DaysOfCode', 'DEVC']",['Latifah48779111'],[],[]
97,"Get industry-relevant career skills with OMNI Stack Developer Course and re-invent your career growth.

Learn more : https://t.co/tofrwoF4GD

#rpa #automation #upskilling #omnistack #artificialintelligencecourse #machinelearning #ocr #nlp https://t.co/xGiYylMz8L","['rpa', 'automation', 'upskilling', 'omnistack', 'artificialintelligencecourse', 'machinelearning', 'ocr', 'nlp']",[],"['https://t.co/tofrwoF4GD', 'https://t.co/xGiYylMz8L']",[]
98,"RT @Paula_Piccard: Google wants AI in one thousand languages

ğŸ‘‰ https://t.co/7ee6XfkTYY

#MachineLearning #AI #Python #DataScience #BigDataâ€¦","['MachineLearning', 'AI', 'Python', 'DataScience', 'BigData']",['Paula_Piccard'],['https://t.co/7ee6XfkTYY'],['ğŸ‘‰']
99,"RT @sophiamyang: Computer Vision, NLP, and gaming in the browser?! With the magic of @Panel_org @pyodide @pyscript_dev, everything can happâ€¦",[],"['sophiamyang', 'Panel_org', 'pyodide', 'pyscript_dev']",[],[]
